<?xml version="1.0" encoding="UTF-8"?>
<beans xmlns = "http://www.springframework.org/schema/beans"
   xmlns:xsi = "http://www.w3.org/2001/XMLSchema-instance"
   xmlns:context = "http://www.springframework.org/schema/context"
   xsi:schemaLocation = "http://www.springframework.org/schema/beans
   http://www.springframework.org/schema/beans/spring-beans.xsd
   http://www.springframework.org/schema/context
   http://www.springframework.org/schema/context/spring-context.xsd">
   
   <bean id="country1" class="assignment22.Country">
   <property name="countryId" value="111"/>
   <property name="countryName" value="India"/>
   </bean>
   <bean id="country2" class="assignment22.Country">
   <property name="countryId" value="112"/>
   <property name="countryName" value="England"/>
   </bean>
   <bean id="player1" class="assignment22.Player">
   <property name="playerId" value="101"/>
   <property name="playerName" value="Sachin"/>
   <property name="country" ref="country1"/>
   </bean>
   <bean id="player2" class="assignment22.Player">
   <property name="playerId" value="102"/>
   <property name="playerName" value="Dhoni"/>
   <property name="country" ref="country1"/>
   </bean>
   <bean id="player3" class="assignment22.Player">
   <property name="playerId" value="103"/>
   <property name="playerName" value="ABC"/>
   <property name="country" ref="country2"/>
   </bean>
   <bean id="player4" class="assignment22.Player">
   <property name="playerId" value="104"/>
   <property name="playerName" value="WERT"/>
   <property name="country" ref="country2"/>
   </bean>
   <bean id="player5" class="assignment22.Player">
   <property name="playerId" value="105"/>
   <property name="playerName" value="qwe"/>
   <property name="country" ref="country2"/>
   </bean>
   </beans>