<?xml version='1.0' encoding='utf-8'?>


<hibernate-configuration

	xsi:schemaLocation="http://www.hibernate.org/xsd/hibernate-configuration hibernate-configuration-4.0.xsd"
	xmlns:xsi="http://www.w3.org/2001/XMLSchema-instance">
	<session-factory>
		<!-- Database connection settings -->
		<property name="connection.driver_class">oracle.jdbc.driver.OracleDriver</property>
		<property name="connection.url">jdbc:oracle:thin:@localhost:1521:xe
		</property>

		<property name="connection.username">developer</property>
		<property name="connection.password">dev12345</property>

		<!-- JDBC connection pool (use the built-in) -->
		<property name="connection.pool_size">1</property>

		<!-- SQL dialect -->
		<property name="dialect">org.hibernate.dialect.Oracle10gDialect
		</property>

		<!-- Enable Hibernate's automatic session context management -->
		<property name="current_session_context_class">thread</property>

		<!-- Disable the second-level cache -->
		<property name="cache.provider_class">org.hibernate.cache.internal.NoCacheProvider
		</property>

		<!-- Echo all executed SQL to stdout -->
		<property name="show_sql">true</property>

		<!-- Drop and re-create the database schema on startup -->
		<property name="hbm2ddl.auto">update</property>


	 	<mapping class="Assignment1.Employee_" />
		<mapping class="Assignment3.Employe_" />

		<mapping class="Assignment3.Passport" />
		<mapping class="Assignment2.Department" />
		<mapping class="Assignment2.Emplye" />
		 
		<mapping class="Assignment4.Students" />
		<mapping class="Assignment4.Course" />
		<mapping class="assignment5.Employee"/>  
        <mapping class="assignment5.ContractEmployee"/>  
        <mapping class="assignment5.RegularEmployee"/>  

	</session-factory>
</hibernate-configuration>
